WKT;full_id;osm_id;osm_type;access;bicycle_parking;description;trailer;operator;opening_hours;maxheight;location;supervised;park_ride;covered;wheelchair;addr:street;addr:postcode;addr:housenumber;addr:city;start_date;source:date;ref:bag;old_name;layer;website;surface;note:access;capacity;sport;lit;note:fee;fee:conditional;loc_name;leisure;type;parking;name;fee;amenity
"MULTIPOLYGON Z (((85573.9767432919 448026.738745849 0,85571.4456228251 448030.846545695 0,85480.6678549443 447973.649192982 0,85483.2694366866 447969.673890498 0,85485.5416503019 447966.203905561 0,85484.2739991222 447965.398167245 0,85486.4435606157 447961.951868428 0,85488.5753911816 447958.261298322 0,85550.3097428058 447997.069443204 0,85548.0326497726 448000.684119735 0,85549.7089935346 448001.751233659 0,85558.0836823151 448007.075782284 0,85559.6007489352 448008.044973135 0,85561.9464895165 448004.429345867 0,85580.5644999732 448016.154071302 0,85578.9767539416 448018.4906352 0,85573.9767432919 448026.738745849 0)),((85611.1164064093 448040.820595056 0,85613.5533125083 448036.847653294 0,85696.9172427793 448089.365740346 0,85694.2368999959 448093.609077537 0,85692.1947371874 448096.842097348 0,85706.0351753834 448105.707247548 0,85701.6839198555 448112.232624593 0,85701.1593421824 448113.018819457 0,85602.7800500584 448050.572773936 0,85605.3133533603 448046.620740501 0,85611.1164064093 448040.820595056 0)))";r12732465;"12732465";relation;yes;;;;;;;;;;;;;;;;;;;;;;;;;;;;;;;multipolygon;surface;P8 Delftse Hout (De Schaapskooi);no;parking
"MULTIPOLYGON Z (((85829.7537695276 448209.341457481 0,85836.7730883348 448199.16284251 0,85977.6741114112 448289.198552558 0,85970.7576672617 448299.876266385 0,85829.7537695276 448209.341457481 0)))";w41878184;"41878184";way;yes;;;;;;;;;;;;;;;;;;;;;;;;;;;;;;;;surface;P9 Delftse Hout (Camping);no;parking
"MULTIPOLYGON Z (((85434.7091588489 447239.361295799 0,85466.0143060263 447189.130525443 0,85474.6645171612 447189.488387398 0,85511.1542563549 447211.656991057 0,85503.0376836505 447227.414921546 0,85489.2989223511 447232.446733386 0,85490.8688441042 447236.697689995 0,85476.0248022231 447241.744945497 0,85471.7614662198 447243.284301473 0,85469.9709488527 447238.480066964 0,85454.6506648767 447244.335184345 0,85456.1284159856 447248.375999399 0,85451.5392800119 447250.186968936 0,85447.1501692215 447250.092403688 0,85443.0686337021 447247.434298775 0,85444.4774548012 447245.055684304 0,85434.7091588489 447239.361295799 0)))";w43032296;"43032296";way;yes;;;;;;;;;;;;;;;;;;;;;;;;;;;;;Speeltuin Simonsstraat;playground;;;Playground Wippolder;;
"MULTIPOLYGON Z (((83581.471415978 446944.826237265 0,83573.9359962263 446956.183814645 0,83576.8471535368 446958.545609783 0,83571.3051670991 446966.202647165 0,83569.4187292006 446964.905522349 0,83562.4293180965 446974.586208815 0,83596.9356902731 446998.505250132 0,83606.3939741011 447000.10569107 0,83618.962605154 446996.398436045 0,83624.6819705158 446993.935343257 0,83634.6276429271 446982.087134021 0,83581.471415978 446944.826237265 0)))";w86847364;"86847364";way;yes;;;;;;;;;;;;;;;;;;;;;;;;;;;Parkeergebied C;yes @ (Mo-Sa 12:00-24:00);;;;surface;Pieter Steynstraat;no;parking
"MULTIPOLYGON Z (((84481.3949080716 447892.522550077 0,84482.6886493834 447890.790657506 0,84485.7972750755 447893.105666446 0,84484.503533326 447894.837558218 0,84481.3949080716 447892.522550077 0)))";w132241746;"132241746";way;yes;;;;;;;;;;;;;;;;;;;;;;;;;table_tennis;no;;;;pitch;;;;;
"MULTIPOLYGON Z (((84494.4103644115 448317.165390283 0,84503.3481526606 448303.519394582 0,84516.374919053 448312.014452942 0,84513.969091207 448315.687075854 0,84507.4369542657 448325.649300339 0,84494.4103644115 448317.165390283 0)))";w136121067;"136121067";way;yes;;;;;;;;;;;;;;;;;;;;;;;;;;;;;;playground;;;;;
"MULTIPOLYGON Z (((85090.9596095207 448545.529367029 0,85066.9714788907 448579.625825889 0,85040.6862503029 448572.795327139 0,85015.0108446623 448573.712081123 0,85052.4517809546 448518.919112078 0,85090.9596095207 448545.529367029 0)))";w143448607;"143448607";way;yes;;;;;;;;;;;;;;;;;;;;;;;;;;;;;;;;surface;P1 Delftse Hout (Knus);no;parking
"MULTIPOLYGON Z (((84475.4469716037 447182.121770239 0,84463.8639370004 447205.997714618 0,84469.8635868165 447209.262151137 0,84467.5976062924 447215.091485862 0,84485.4559144688 447222.227411004 0,84488.7051772496 447216.005855595 0,84516.6802770196 447228.150759713 0,84512.597151695 447239.992204965 0,84530.7756181598 447245.499189476 0,84541.3581199703 447215.918146428 0,84535.78999601 447213.059234639 0,84548.294018783 447185.33155942 0,84508.4611950973 447164.541314292 0,84504.9742068584 447171.923447291 0,84498.811810844 447168.805923041 0,84489.4074971267 447187.487970777 0,84475.4469716037 447182.121770239 0)))";w143448608;"143448608";way;yes;;;;;;;;;;;;;;;;;;;;;;asphalt;"Parkeergebied B, mixparkeren (betaald en vergunning)";"165";;yes;Parkeergebied B;"yes @ (Mo-Sa 10:00-24:00; Su 12:00-24:00)";;;;surface;Gasthuisplaats;no;parking
"MULTIPOLYGON Z (((84342.394307599 448056.603283882 0,84377.3096113299 448004.522680117 0,84379.5931123787 448001.419215886 0,84400.8890335211 448015.382741909 0,84403.0155831014 448016.710153585 0,84428.3436226388 448032.764259924 0,84430.3970329585 448041.536843144 0,84400.8633871099 448085.328956558 0,84398.5380096858 448095.654586286 0,84395.0301584083 448100.533486148 0,84390.0294238646 448096.954571357 0,84366.0034936409 448080.236833946 0,84370.3658346986 448073.643339815 0,84367.7248877253 448071.867012676 0,84364.7442833459 448069.8618269 0,84360.0037853629 448076.416174963 0,84342.0450020358 448064.898032475 0,84345.7935609282 448059.080995269 0,84342.394307599 448056.603283882 0)))";w143448614;"143448614";way;yes;;;;;;;;;;;;;;;;;;;;;;;"Parkeergebied B, mixparkeren (betaald en vergunning)";"194";;;Parkeergebied B;"yes @ (Mo-Sa 10:00-24:00; Su 12:00-24:00)";;;;surface;Paardenmarkt;no;parking
"MULTIPOLYGON Z (((83893.0197712282 447307.907484876 0,83915.1444062578 447277.581851624 0,83918.1556578158 447279.764377703 0,83924.1263547988 447271.823434052 0,83954.6263702581 447293.865852939 0,83928.3213534909 447330.08156725 0,83924.1463136548 447327.181224579 0,83921.0680557859 447331.375565718 0,83904.5602392661 447319.782624551 0,83906.1705770589 447317.623233503 0,83893.0197712282 447307.907484876 0)))";w143448803;"143448803";way;yes;;;;;;;;;;;;;;;;;;;;;;;;;;;Parkeergebied C;yes @ (Mo-Sa 12:00-24:00);;;;surface;;no;parking
"MULTIPOLYGON Z (((84016.5755527287 446794.405246685 0,84049.3467607836 446816.627369097 0,84053.5057086395 446810.648513707 0,84061.2056001987 446815.590751647 0,84052.670653739 446839.32415946 0,84044.2743135533 446845.763882082 0,84011.2010108271 446823.534967966 0,84003.2411837973 446809.984022639 0,84010.7933071312 446801.163891267 0,84016.5755527287 446794.405246685 0)))";w169454998;"169454998";way;yes;;;;;;;;;;;;;;;;;;;;;http://www.speeltuinwesterhonk.nl/;;;;;;;;;playground;;;Speeltuin Westerhonk;;
"MULTIPOLYGON Z (((83969.6853929849 446908.203517255 0,83962.2420456842 446918.858162317 0,83968.5604719817 446923.241317867 0,83974.5876728696 446927.428338386 0,83982.024325441 446916.784934446 0,83969.6853929849 446908.203517255 0)))";w223279478;"223279478";way;yes;;;;;;;;;;;;;;;;;;;;;;;;"9";;;Parkeergebied C;yes @ (Mo-Sa 12:00-24:00);;;;surface;;no;parking
"MULTIPOLYGON Z (((84044.4213389291 447092.597381559 0,84064.4760054554 447065.306262043 0,84059.5562427132 447061.715381317 0,84050.8894853126 447055.396001297 0,84030.2735157454 447082.327964579 0,84038.1072067609 447088.013782594 0,84044.4213389291 447092.597381559 0)))";w223279480;"223279480";way;yes;;;;;;;;;;;;;;;;;;;;;;;;"26";;;Parkeergebied C;yes @ (Mo-Sa 12:00-24:00);;;;surface;Westerplaats;no;parking
"MULTIPOLYGON Z (((83994.5480982743 446917.129590327 0,83998.194504691 446919.536796036 0,84013.8854968109 446895.378733127 0,84010.0666436455 446892.918334311 0,83994.5480982743 446917.129590327 0)))";w223894949;"223894949";way;yes;;;;;;;;;;;;;;;;;;;;;;;;"15";;;Parkeergebied C;yes @ (Mo-Sa 12:00-24:00);;;;street_side;;no;parking
"MULTIPOLYGON Z (((84840.2373618885 447793.067916784 0,84840.2631448495 447793.924350033 0,84840.3436878405 447794.768885516 0,84840.4722828058 447795.612744851 0,84840.6557942908 447796.455831449 0,84840.9374447207 447797.442191001 0,84841.2232984147 447798.239328663 0,84841.35140031 447798.560215556 0,84841.860990017 447799.643512808 0,84842.1920776965 447800.239724054 0,84842.6486059024 447800.967696923 0,84843.0410048576 447801.529663862 0,84843.5722603263 447802.200949238 0,84844.1373688547 447802.838376681 0,84844.7431950004 447803.441849603 0,84845.3827176692 447804.000339592 0,84846.1949498728 447804.634290169 0,84850.5505010211 447807.744267018 0,84851.7958248902 447808.416634116 0,84852.6041426562 447808.772460254 0,84853.432427905 447809.08349672 0,84854.9627754755 447809.518183057 0,84856.1881088673 447809.745743628 0,84857.0752010639 447809.844536196 0,84858.1401455372 447809.896318055 0,84859.0325371951 447809.883764208 0,84859.9172818043 447809.81568199 0,84860.9794092892 447809.667214108 0,84895.3800037251 447834.253039759 0,84934.9332545361 447862.516559617 0,84960.7965089526 447826.32354325 0,84956.0803376255 447822.951484393 0,84948.3471382225 447817.418628212 0,84944.1927617253 447814.450394391 0,84940.0454011469 447811.493192588 0,84935.8978793139 447808.524869202 0,84931.7434879815 447805.556645729 0,84927.5961126075 447802.599454252 0,84923.4485759516 447799.631141197 0,84919.2941697838 447796.66292807 0,84915.1467796142 447793.705746917 0,84910.9992281352 447790.737444197 0,84906.8516717136 447787.769144913 0,84902.6972457638 447784.800945575 0,84898.5498358652 447781.843778199 0,84894.3120863718 447778.809993873 0,84886.8424205835 447773.473815487 0,84875.2337833492 447789.704773139 0,84862.7982088227 447780.82212808 0,84861.9323102159 447780.277947472 0,84861.3372604439 447779.952501378 0,84860.5768343764 447779.584872846 0,84859.7895758171 447779.262130766 0,84858.8238377147 447778.941899563 0,84857.8384447219 447778.68870837 0,84856.6683335964 447778.482624842 0,84855.8294445023 447778.394281347 0,84854.9844733291 447778.361659656 0,84853.6255966153 447778.4030313 0,84852.2823272932 447778.577710383 0,84851.2897784309 447778.791964418 0,84849.8268596218 447779.246508032 0,84848.4279137476 447779.855933104 0,84847.3923219963 447780.426864583 0,84846.5419179107 447780.984063478 0,84845.9983856932 447781.392290938 0,84845.0960393123 447782.161638113 0,84844.6083632502 447782.635843142 0,84844.0334825793 447783.255929101 0,84842.9880992932 447784.594777548 0,84842.3224371548 447785.594466594 0,84841.7466410297 447786.637400118 0,84841.2540028369 447787.7347997 0,84840.8577820752 447788.85309708 0,84840.6748098001 447789.512177765 0,84840.4303927467 447790.683975236 0,84840.2823929689 447791.876670459 0,84840.2373618885 447793.067916784 0)))";w253796669;"253796669";way;yes;;;;;;;;;;;;;;;;"2009";2013-11-26;"503100000032913";Koepoortgarage;"-1";;;;"337";;;;;;;;underground;Marktgarage;yes;parking
"MULTIPOLYGON Z (((84686.0704784259 447190.786616504 0,84689.1002335042 447191.86774703 0,84689.2396049682 447194.447296608 0,84728.1895547942 447220.392183469 0,84725.304829322 447224.727940606 0,84752.0198377783 447242.522282617 0,84751.5422723807 447243.230024701 0,84749.027297449 447247.00419862 0,84755.8688795165 447251.558998672 0,84758.8614230516 447247.077086756 0,84777.2374922475 447259.325273463 0,84780.1222413205 447254.989546283 0,84787.069895932 447259.765439124 0,84786.6260273316 447260.428194497 0,84828.9713413653 447288.629379337 0,84832.7768477314 447291.168471809 0,84867.8864526337 447238.476819729 0,84823.6969104766 447209.032752853 0,84793.696150429 447189.036588916 0,84790.0916804765 447186.639348202 0,84790.1186722261 447186.605586539 0,84789.2173975606 447185.995151754 0,84751.18923492 447160.648802165 0,84719.7328153672 447139.727766139 0,84684.9276224764 447116.55080665 0,84684.8867431584 447116.573637481 0,84685.337034113 447124.64564815 0,84686.088864076 447138.032217236 0,84688.6332400729 447183.584553837 0,84686.0704784259 447190.786616504 0)))";w254135532;"254135532";way;yes;;;;;;;;;;;;Zuidwal;2611DD;"14";Delft;"2003";2013-11-26;"503100000025718";;"-1";;;;"810";;;;;;;;underground;Zuidpoortgarage;yes;parking
"MULTIPOLYGON Z (((84132.7617809173 447458.184155283 0,84135.6307846187 447460.035013707 0,84135.751509471 447459.833007633 0,84136.27144648 447460.181690505 0,84140.3409040423 447462.916798651 0,84147.4040291913 447467.578894387 0,84150.2439812265 447469.318901392 0,84150.1566327411 447469.453669414 0,84150.8764437601 447469.855150098 0,84151.8540790034 447468.105409483 0,84153.1552940884 447468.832447199 0,84155.2387368808 447470.004588741 0,84162.2364869547 447473.93323579 0,84184.9125147014 447433.541948467 0,84187.5043665835 447428.931844643 0,84180.991397026 447425.296712207 0,84180.6779415803 447423.531932373 0,84179.6173044295 447417.504903109 0,84171.9560165848 447413.274092756 0,84167.0058411182 447415.247165538 0,84164.7458201376 447416.147194376 0,84158.2390499636 447412.467494059 0,84135.830621915 447452.354374726 0,84132.9509063209 447457.480451011 0,84133.1102252199 447457.578332 0,84132.9225891917 447457.903688763 0,84132.7617809173 447458.184155283 0)))";w254135533;"254135533";way;yes;;;;;;;;;;;;;;;;"2001";2013-11-26;"503100000031816";;"-1";;;;"202";;;;;;;;underground;Phoenixgarage;yes;parking
"MULTIPOLYGON Z (((83681.5173323476 446898.128851857 0,83688.4743985861 446902.491397554 0,83695.1751910939 446906.701835295 0,83697.5589490867 446902.917869019 0,83683.9079502329 446894.344780889 0,83681.5173323476 446898.128851857 0)))";w306521892;"306521892";way;yes;;;;;;;;;;;;;;;;;;;;;;;;"6";;;Parkeergebied C;yes @ (Mo-Sa 12:00-24:00);;;;street_side;;no;parking
"MULTIPOLYGON Z (((83632.9362149641 447637.340247464 0,83644.2484175513 447633.751152017 0,83626.0036978718 447576.584445639 0,83614.6913766276 447580.173581719 0,83632.9362149641 447637.340247464 0)))";w330719104;"330719104";way;yes;;;;;;;;;;;yes;;;;;;;;;;;;;;;;Parkeergebied C;yes @ (Mo-Sa 12:00-24:00);;;;surface;;no;parking
"MULTIPOLYGON Z (((83548.0851201102 446791.570233554 0,83568.2506837431 446804.723096541 0,83568.7913261226 446805.071425381 0,83558.375263795 446820.531729403 0,83556.087850891 446824.325510083 0,83536.4272339829 446810.464443962 0,83548.0851201102 446791.570233554 0)))";w331442352;"331442352";way;yes;;;;;;;;no;no;yes;;;;;;;;;;;;;;;;;;;;;;surface;;no;parking
"MULTIPOLYGON Z (((83814.5294289075 446975.176349346 0,83823.1347039234 446963.203003976 0,83832.5288462927 446969.93445118 0,83823.9234023992 446981.896655409 0,83814.5294289075 446975.176349346 0)))";w345067568;"345067568";way;yes;;;;;;;;;;;;;;;;;;;;;;;;;;;;;;playground;;;;;
"MULTIPOLYGON Z (((83794.0929220133 447079.541292637 0,83780.2360321519 447069.969437781 0,83793.9930718664 447049.944225369 0,83808.0907245633 447060.024535298 0,83806.8921546175 447061.688479047 0,83794.0929220133 447079.541292637 0)))";w364564610;"364564610";way;yes;;;;;;;;;;;;;;;;;;;;;;;;"16";;;Parkeergebied C;yes @ (Mo-Sa 12:00-24:00);;;;surface;;no;parking
"MULTIPOLYGON Z (((85212.8821516101 447377.30011234 0,85216.5232590139 447374.489610895 0,85223.4457410508 447381.925854696 0,85230.9880376979 447381.642286681 0,85334.2735253058 447352.636189199 0,85336.7722033909 447359.956357416 0,85235.3008725511 447387.089909531 0,85226.1127889183 447388.509219313 0,85222.4098842489 447386.903080409 0,85213.8534595577 447380.958494904 0,85212.8821516101 447377.30011234 0)))";w459357685;"459357685";way;yes;;;;;;;;;;;;;;;;;;;;;;;;;;;Parkeergebied F;yes @ (Mo-Sa 12:00-24:00);;;;street_side;;no;parking
"MULTIPOLYGON Z (((84076.3140799517 447405.164211268 0,84093.1993257586 447413.892640517 0,84090.7266314633 447418.668008962 0,84088.8416165396 447422.277787942 0,84085.9863226564 447427.670598322 0,84084.4416243966 447430.585650137 0,84082.5890455078 447434.061443457 0,84081.0304629551 447436.965566643 0,84077.5710968104 447443.335044059 0,84075.6840441756 447446.800203252 0,84074.0909863299 447449.693691912 0,84072.1830270128 447453.136895425 0,84070.5760849895 447456.019455549 0,84068.6544005601 447459.46285576 0,84067.0337326441 447462.345612373 0,84065.0978483795 447465.755834327 0,84063.4701613732 447468.627564806 0,84062.1768645067 447470.871412871 0,84060.5284276049 447473.732312336 0,84058.5585438935 447477.165275234 0,84056.9030879556 447480.015148605 0,84054.9055910319 447483.437378677 0,84053.2362510688 447486.276323662 0,84051.2181642915 447489.698848285 0,84049.5349403362 447492.526864904 0,84047.5029704649 447495.938461447 0,84045.8128858303 447498.766577047 0,84042.0165926031 447505.096366627 0,84038.218884335 447511.326034222 0,84030.1593156646 447524.459619932 0,84018.1428142152 447543.725024986 0,84009.944629397 447556.760473877 0,84006.0569665663 447562.935812294 0,84002.1555837816 447569.111349331 0,83998.25405244 447575.275764508 0,83993.9228429708 447582.125064086 0,83974.4157053943 447612.96945458 0,83876.8902566166 447767.170237872 0,83817.7831197805 447860.637058327 0,83817.1128172916 447860.33506461 0,83808.187167318 447854.565051404 0,83810.3258872389 447845.187611968 0,83808.5343186074 447844.256247623 0,83829.1443599221 447807.11964305 0,83829.17804753 447807.074653135 0,83895.6117160272 447702.020174468 0,83904.8178069418 447687.479101128 0,83905.8518156539 447685.839778156 0,83981.1347037455 447564.548090487 0,83988.8268044967 447552.142925793 0,84000.7948013025 447532.85588355 0,84016.8238672466 447507.023872576 0,84023.8473481143 447493.459922963 0,84043.0918752688 447462.441446185 0,84063.1290005142 447430.165522307 0,84076.3140799517 447405.164211268 0)))";w551121237;"551121237";way;yes;;;no;ParkerenDelft;24/7;2.20 m;underground;;;;;;;;;"2015";2017-12-08;"503100000035276";;"-2";;;;"650";;;;;;;;underground;Prinsenhofgarage;yes;parking
"MULTIPOLYGON Z (((83955.7193133146 447831.285524543 0,83948.9712938169 447823.659363076 0,83955.0603865004 447816.362133114 0,83958.5389071777 447815.222097975 0,83965.5923293095 447821.152578053 0,83955.7193133146 447831.285524543 0)))";w557419379;"557419379";way;yes;;;;;;;;;;;;;;;;;;;;;;;;;;;;;;playground;;;;;
"MULTIPOLYGON Z (((84003.6106607891 447761.959319062 0,83955.4198378552 447731.723092059 0,83954.3597161804 447731.048307413 0,83960.4617501696 447721.759123942 0,84007.9585649543 447754.364259762 0,84003.6106607891 447761.959319062 0)))";w558041164;"558041164";way;yes;;;;;;;;;;;;;;;;;;;;;;paved;;;;yes;;;;playground;;;;;
"MULTIPOLYGON Z (((85384.2328034728 447585.654068553 0,85398.4299023123 447564.837184631 0,85402.77719773 447567.858737974 0,85404.9751212583 447564.467647847 0,85445.7742274868 447593.018240827 0,85437.3854186113 447605.441940682 0,85441.0944179206 447607.993961971 0,85434.3543100815 447618.013448928 0,85430.5935355622 447615.195102393 0,85428.1467426693 447618.956851381 0,85390.6771912608 447592.819031813 0,85388.9233008064 447591.619525092 0,85390.2416323151 447589.653861455 0,85384.2328034728 447585.654068553 0)))";w579375842;"579375842";way;yes;;;;;;;;;;;;;;;;;;;;;;;;;;;Parkeergebied E;yes @ (Mo-Sa 12:00-24:00);;;;surface;;no;parking
"MULTIPOLYGON Z (((85350.03384938 448085.130994102 0,85351.3406317542 448086.281094965 0,85368.7580541333 448101.493494398 0,85425.7238614197 448019.046807584 0,85410.2412739426 448011.128901268 0,85405.9159217448 448002.765983518 0,85405.0197771259 448001.031521823 0,85398.7829435471 448013.614431908 0,85393.4446087017 448023.180461752 0,85381.942799232 448041.233595955 0,85371.0890629891 448057.508482347 0,85350.03384938 448085.130994102 0)))";w582039513;"582039513";way;yes;;;;;;;;;;;;;;;;;;;;;;unpaved;;"60";;;;;;;;surface;;no;parking
"MULTIPOLYGON Z (((83732.5772912177 447705.950102287 0,83730.0791312493 447698.341377972 0,83733.4713895644 447695.967293152 0,83740.2968899532 447700.33177496 0,83732.5772912177 447705.950102287 0)))";w583519954;"583519954";way;yes;;Play area for neihgbourhood kids;;;;;;;;;;;;;;;;;;;;stone;;;;;;;;playground;;;Het pleintje;;
"MULTIPOLYGON Z (((85335.1777138717 447817.885088757 0,85336.6335922206 447818.398853001 0,85339.0401642175 447810.787605292 0,85364.8645232921 447819.762594099 0,85362.2251445819 447827.421589139 0,85359.1960798503 447826.351175971 0,85356.5467412339 447833.787769401 0,85330.6414629295 447824.914100045 0,85332.3255419643 447820.139253489 0,85335.1777138717 447817.885088757 0)))";w633461342;"633461342";way;yes;;;;;;;;;;;;;;;;;;;;;;;;"46";;;Parkeergebied E;yes @ (Mo-Sa 12:00-24:00);;;;;;no;parking
"MULTIPOLYGON Z (((84058.7505221093 448116.545653411 0,84059.5675832605 448114.6201389 0,84058.1297116155 448113.928454113 0,84071.5846574349 448085.351383218 0,84108.0015235464 448110.593028648 0,84094.5070938261 448133.506787297 0,84092.1493126274 448137.646278426 0,84058.7505221093 448116.545653411 0)))";w633903607;"633903607";way;yes;;;;;;;;;;;;;;;;;;;;;;;;;;;;;;playground;;;;;
"MULTIPOLYGON Z (((83670.1330738628 448043.064626937 0,83668.6729803811 448045.144062129 0,83666.1286183526 448048.218211144 0,83675.2647582389 448055.275720713 0,83679.970365399 448049.221932025 0,83675.6798899206 448045.900617852 0,83678.1810046497 448042.682437967 0,83657.4928384353 448026.710356757 0,83654.297446127 448030.828664028 0,83670.1330738628 448043.064626937 0)))";w678748343;"678748343";way;yes;;;;;;;;;;;;;;;;;;;;;;paved;;"13";;;Parkeergebied C;yes @ (Mo-Sa 12:00-24:00);;;;surface;;no;parking
"MULTIPOLYGON Z (((84628.9486625935 446998.768778453 0,84637.7350393379 447000.959265391 0,84648.5566247729 447001.385211155 0,84655.8880990331 446997.798974212 0,84652.7743024448 446991.255583985 0,84647.5447243016 446980.280028461 0,84634.5648983364 446964.629120781 0,84626.6792627903 446975.177718894 0,84633.0417013187 446978.348216721 0,84630.4704935103 446982.034223926 0,84634.1751148126 446985.186590387 0,84626.5507235649 446995.753757989 0,84628.9486625935 446998.768778453 0)))";w682306240;"682306240";way;yes;;;;;;;;;;;;;;;;;;;;;;;;;;;;;;playground;;;De Achtertuin;;
"MULTIPOLYGON Z (((83922.573178995 448189.287995385 0,83927.2478846733 448191.168622586 0,83929.0634335388 448191.866012906 0,83919.7225944543 448216.634945946 0,83911.2240385677 448237.875672461 0,83906.824721794 448236.046770093 0,83922.0321385101 448195.159777697 0,83914.8219543815 448192.647670632 0,83916.5384386961 448187.360000112 0,83922.573178995 448189.287995385 0)))";w798630347;"798630347";way;yes;;;;;;;;;;;;;;;;;;;;;;;;"24";;;Parkeergebied E;yes @ (Mo-Sa 12:00-24:00);;;;street_side;;no;parking
"MULTIPOLYGON Z (((83733.0019755847 447005.850212858 0,83740.1165090377 447011.634865909 0,83735.1510134434 447025.047398763 0,83733.6088230788 447032.457934255 0,83734.9757816247 447039.214898368 0,83731.5106688515 447037.484055677 0,83730.1111391922 447033.253444824 0,83731.921340856 447013.843897317 0,83733.0019755847 447005.850212858 0)))";w819973296;"819973296";way;yes;;;;;;;;;;;;;;;;;;;;;;;;;;;;;;playground;;;;;
"MULTIPOLYGON Z (((83883.8583312757 447370.4063864 0,83907.9274627579 447388.356386433 0,83915.4136445371 447378.357535558 0,83902.3519432863 447368.618240092 0,83899.5825480488 447372.3185927 0,83888.5751016596 447364.107858231 0,83884.6535066132 447369.349084186 0,83883.8583312757 447370.4063864 0)))";w908133448;"908133448";way;yes;;;;;;;;;;;;;;;;;;;;;;;;;;;Parkeergebied C;yes @ (Mo-Sa 12:00-24:00);;;;surface;;no;parking
"MULTIPOLYGON Z (((83875.0376261507 448295.686100045 0,83875.479373895 448294.889761683 0,83879.5343067326 448297.124130379 0,83879.0925585572 448297.920468376 0,83875.0376261507 448295.686100045 0)))";w909942403;"909942403";way;yes;wall_loops;;;;;;;;;no;;;;;;;;;;;;;;"9";;;;;;;;;;no;bicycle_parking
"MULTIPOLYGON Z (((85324.043728311 447834.275254137 0,85325.6217549799 447831.738454745 0,85328.2538839683 447827.495591555 0,85349.0376520394 447841.314504205 0,85344.7323102986 447848.16224205 0,85340.3611590676 447854.721596076 0,85319.4824062172 447840.981937768 0,85324.043728311 447834.275254137 0)))";w923535152;"923535152";way;yes;;;;;;;;;;;;;;;;;;;;;;;;"46";;;Parkeergebied E;yes @ (Mo-Sa 12:00-24:00);;;;;;no;parking
"MULTIPOLYGON Z (((84663.5067117592 448425.604088927 0,84675.2532152615 448433.416600485 0,84680.9743283233 448424.834687994 0,84669.2348349217 448417.033191186 0,84663.5067117592 448425.604088927 0)))";w937910796;"937910796";way;yes;;;;;;;;;;;;;;;;;;;;;;;;;;;;;;;;surface;;;parking
"MULTIPOLYGON Z (((85243.9566827833 447484.075886866 0,85251.9969993727 447471.300662845 0,85210.8967768799 447444.936767477 0,85202.9485680726 447457.911058797 0,85208.6286565134 447461.459023837 0,85207.5737363327 447463.109487363 0,85208.5643104899 447463.72987349 0,85204.9804625523 447469.154473251 0,85224.2638993902 447481.614119672 0,85227.869459078 447475.777523665 0,85237.1652599867 447481.578260039 0,85237.8840951543 447480.444355989 0,85243.9566827833 447484.075886866 0)))";w939355842;"939355842";way;yes;;;;;;;;;;;;;;;;;;;;;;;;;;;Parkeergebied E;yes @ (Mo-Sa 12:00-24:00);;;;surface;;no;parking
"MULTIPOLYGON Z (((85303.9630586326 447528.390979498 0,85321.6000899931 447539.026892431 0,85332.4186597761 447522.618892594 0,85335.5786608666 447517.812303163 0,85323.6859883235 447510.423101647 0,85330.0253733967 447500.23102894 0,85324.1837666005 447496.907728666 0,85303.9630586326 447528.390979498 0)))";w939355847;"939355847";way;yes;;;;;;;;;;;;;;;;;;;;;;;;;;;Parkeergebied E;yes @ (Mo-Sa 12:00-24:00);;;;surface;;no;parking
"MULTIPOLYGON Z (((84227.2004008836 447885.175047051 0,84234.5189957735 447874.021811397 0,84218.8771226021 447863.761974352 0,84212.3131638224 447874.871137414 0,84227.2004008836 447885.175047051 0)))";w962377549;"962377549";way;yes;;;;;;;;;;;;;;;;;;;;;;;;;;;;;;playground;;;;;
"MULTIPOLYGON Z (((84412.6652921112 448020.835258911 0,84416.25473712 448015.409983347 0,84428.453577972 448023.070875892 0,84425.0182887865 448028.716505291 0,84412.6652921112 448020.835258911 0)))";w983216416;"983216416";way;yes;;;;;;;;;;;;;;;;;;;;;;;;;;;;;;playground;;;;;
"MULTIPOLYGON Z (((84382.1674674485 448000.915408063 0,84385.5859175344 447995.537041152 0,84396.838302971 448002.777300393 0,84393.3631988246 448008.034062154 0,84382.1674674485 448000.915408063 0)))";w983216417;"983216417";way;yes;;;;;;;;;;;;;;;;;;;;;;;;;;;;;;playground;;;;;
"MULTIPOLYGON Z (((83600.7059363939 448141.700252805 0,83595.3345948816 448139.607360514 0,83603.0248182496 448115.69597865 0,83608.037030501 448117.159767369 0,83600.7059363939 448141.700252805 0)))";w1006251762;"1006251762";way;yes;;;;;;;;;;;;;;;;;;;;;;paving_stones;;"10";;;Parkeergebied C;yes @ (Mo-Sa 12:00-24:00);;;;surface;;no;parking
"MULTIPOLYGON Z (((83581.6788201692 446884.980865691 0,83582.420951867 446885.493219367 0,83587.6230539018 446889.101849841 0,83580.0758714504 446900.604238049 0,83574.772203872 446908.12432967 0,83569.7617168651 446904.4684592 0,83568.9635447443 446903.879019263 0,83581.6788201692 446884.980865691 0)))";w1008139565;"1008139565";way;yes;;;;;;;;;;;;;;;;;;;;;;;;;;;;;;playground;;;;;
"MULTIPOLYGON Z (((84840.8347137848 448272.665166007 0,84851.3248530903 448279.983920572 0,84854.5555058267 448275.387427277 0,84844.0653619375 448268.068665934 0,84840.8347137848 448272.665166007 0)))";w1062397910;"1062397910";way;yes;;;;;;;;;;;;;;;;;;;;;;paved;;;soccer;;;;;pitch;;;;;
"MULTIPOLYGON Z (((84885.8605234085 448304.144903112 0,84900.2680317672 448314.21272736 0,84904.0371781702 448308.852043103 0,84889.629506031 448298.773082972 0,84885.8605234085 448304.144903112 0)))";w1062397911;"1062397911";way;yes;;;;;;;;;;;;;;;;;;;;;;paved;;;running;;;;;pitch;;;;;
"MULTIPOLYGON Z (((84072.9013262816 446973.052872388 0,84082.4900592378 446959.207750321 0,84070.4785267898 446950.932995481 0,84060.7890397542 446964.935355342 0,84072.9013262816 446973.052872388 0)))";w1103568078;"1103568078";way;yes;;;;;;;;;;;;;;;;;;;;;;;;;;;Parkeergebied C;yes @ (Mo-Sa 12:00-24:00);;;;surface;;no;parking
